{"cameraMode":{"drawMode":0,"name":"Shaded","section":"Shading Mode"},"sceneLighting":true,"audioPlay":false,"sceneViewState":{"showFog":true,"showMaterialUpdate":false,"showSkybox":true,"showFlares":true,"showImageEffects":true,"showParticleSystems":true},"in2DMode":false,"pivot":{"x":0.0,"y":0.7620000243186951,"z":0.628000020980835},"rotation":{"x":0.013742571696639061,"y":0.9791792035102844,"z":-0.18973597884178163,"w":0.07091452926397324},"size":3.0136733055114748,"orthographic":false}